名稱,分類,上映日期,劇情介紹
一世狂野,劇情,2001-10-12,喬治戎格一生都在追求所謂的美國夢，也就是享受美好富裕的生活，但是他卻不願像他父親那樣一輩子都只是個出賣勞力的建築工人。於是他搬到陽光明媚的加州，靠著販賣大麻賺錢，起初，他販毒只是為了享受自由自在的生活，但是當他野心越來越大，他的勢力也日益坐大之際，卻在此時被捕入獄。他在牢裡認識一個能言善道，自稱熟識哥倫比亞販毒集團的牢友狄亞哥，他出獄後果真把當時勢力最大的毒梟艾斯科巴介紹給喬治認識，艾斯科巴計畫將古柯鹼大量引進美國的迪斯可舞廳，希望能引領一股吸毒狂歡的風潮。除了毒品供應商之外，狄亞哥也介紹了一個美艷又狂野的女人瑪莎給喬治，他們瘋狂相愛，之後馬莎還替他生下一個可愛的女兒克莉絲汀娜，也是喬治一生的最愛。喬治很快就靠著販毒發大財，他還得買一棟大房子專門存放每天賺進來的大把鈔票，但是日進斗金卻整天提心吊膽的生活卻讓喬治開始省思，到底他要繼續過著揮霍富裕的生活，還是為了自己心愛的女兒應該轉性投資正當的事業？可是這時聯邦調查局的探員，也開始盯上毒源禍首的喬治……
玩命關頭,動作,2001-10-13,唐米尼杜洛托是洛城街頭賽車界的老大哥，他身邊有一群忠心耿耿的手下，他白天忙著組裝高性能跑車，晚上則是開著他的愛車，動輒以一次一萬美元的賭注和別人軋車。布萊恩也渴望接受極速的挑戰，他對自己的駕駛技術很有信心，但是在旁觀者的眼中他只是一個菜鳥，他開了一輛超炫的跑車想和唐老大一較高下，也希望得到他的青睞，當比賽結束，布萊恩輸得一塌塗地之後，警方接獲風聲前來取締，布萊恩在無意間從一名心狠手辣的幫派份子強尼手中救了唐老大一命，於是他就被納入唐老大的權力核心，唐老大的妹妹蜜雅也對布萊恩產生好感，但是他們都不知道布萊恩其實是一名臥底警探。布萊恩滲入賽車圈的目的是調查一連串的卡車搶案，嫌犯都是開著跑車的蒙面人，警方和聯邦調查局希望能儘早逮到搶匪，以免卡車司機採取激烈的手段對這些搶匪進行報復行動，其中最有嫌疑的就是唐老大和強尼。正當唐老大和強尼形成水火不相容的情勢。布萊恩和唐老大兄妹的關係卻越來越深，他不但和唐老大結為好友，更忍不住對蜜雅產生好感，但是他也同時承受來自警方和ＦＢＩ的壓力，必須儘快查出誰才是真正的搶匪，他在天人交戰之際，在法律和友情之間，必須做出困難的決定。
戰雲密佈,動作,2001-10-13,美國空軍最高機密的隱形戰機驚傳失蹤！祕密訓練的飛行軍官傑克，被誣陷勾結恐怖組織，參與竊取戰機陰謀，以叛國罪名被捕入獄。他為洗刷冤屈，想盡辦法逃獄，希望重獲自由後，直搗虎穴親自討還清白。越獄後，他透過好友帕克中校的幫助暗中調查，發現這不僅是一個單純的陷阱，背後更隱藏著更大的、更難掌握的恐怖主義陰謀網，而且更令人出乎意料的是──幕後黑手竟然是五角大廈的高層官員。美國政府相關人員在傑克逃獄後，緊鎖定其妻女作為人質，逼使他必須出面投案。傑克不但必須衝破重重危機拯救妻女，又得在時限之內取得機密資料，以挽回他的名譽。然而，就在他循線直搗恐怖組織大本營，即將揭發真相之際，更迫切的是──恐怖組織已發動攻勢，企圖以最先進的隱形戰機，攻擊美國政府的權力核心白宮，一場美國有史以來最大的征戰，將一觸即發…
騎士風雲錄,動作,2001-10-19,14世紀中古時期的社會階級分明，出身卑微的平民不論如何努力和奮鬥，都無法跨越階級制度而翻身致富，當時正興起一種只有貴族騎士才能參加的運動「長槍比武大賽」。一位出身卑賤的年輕人威廉(希斯萊傑飾），從小就想成為一位騎士，雖然這個夢想對於貧苦的威廉是個難以實現的願望，但在父親和朋友小魏(艾倫圖克飾）、老洛(馬克艾迪飾）的鼓勵下，威廉苦練劍術和馬術。有一天威廉跟隨的貴族騎士在一次長槍比武比賽中身亡，威廉抓住機會冒充貴族的身份，展開一段勇敢追求夢想的冒險之旅。旅程中他巧遇當時身無分文的名作家喬塞(保羅貝特尼飾），喬塞為他捏造假的貴族證書，參加各地的「長槍比武大賽」，威廉憑著本身精湛的劍術以及命運巧合的安排，一次一次的過關斬將，還邂逅了一位美麗的貴族女子喬絲琳(夏儂索莎蒙飾）。威廉歷經種種考驗，最後不但贏得騎士比武大賽，也贏得喬絲琳的心，成了明星級的騎士。
金法尤物,喜劇,2001-10-19,在【歡樂谷】、【危險性遊戲】挑大樑的瑞絲薇斯朋飾演【金法尤物】中飽受眾人歧視的金髮美女，因為髮色太金，竟被出身議員世家的男友甩掉，為了挽回男友的心，瑞絲薇斯朋立志成為哈佛法律系學生。在女主角申請入學的過程中，為了爭取教授們的第一印象，她情商演藝世家柯波拉家族的人拍攝入學申請錄帶，以一身金粉紅超性感比基尼介紹她在校內校外種種優異表現，最後教授們一致同意讓她入學。剛進哈佛時雖然遇到種種挫折，但最後不但誤打誤撞走上法庭為人洗刷冤情，也贏得同學的認同。拍片成本才一千八百萬美金的【金法尤物】，在美上映迄今竟創下近九千萬美金的票房，由於大受年輕人好評，大家開始討論哈佛法學院是否能接受錄影帶申請入學一事，最後在娛樂周刊的打聽下，哈佛法律系的發言人總算出面解決這個疑惑。原來哈佛法律系過去的確收到異於常態的申請表，其中包含自拍的錄影帶、CDRom、書等，不過寄歸寄，並不保證會金榜提名，然而拜本片所賜，現在寄錄影帶的人突然暴增，讓哈佛法學院的人更加傷透腦筋了！
瘋狂世界,冒險,2001-11-02,薇拉貝克(琥碧戈珀飾）來到賭城就是為了要和她失散多年的親生女兒見面；歐文譚普頓(小古巴古汀飾）是一個被許多球迷仇視的足球裁判員，因為他的誤判讓達拉斯隊輸球，也變成人人喊打的過街老鼠，所以他來到賭城散心。坡里尼先生(羅溫艾肯森飾）是個第一次到賭城開洋葷的義大利人；杜恩和布倫則是一對小奸小惡的兄弟，布倫裝了舌環所以有點大舌頭，他的話只有杜恩才聽得懂，他們想在賭城詐財騙賭；而尼克則是一個古板的年輕律師，他到賭城來參加一個朋友的單身派對。結果這幾個人不約而同在玩吃角子老虎時都中了一枚金幣，可是這枚金幣並不能兌換現金，他們必須參加一個競賽，贏的人有機會得到兩百萬美金的獎賞，在利慾薰心之下，每個人都卯足了勁想要獲得獎金。可是沒想到這個競賽的背後卻是另一個更大的賭注，原來是一群有錢有閒的富翁，所設計出來的賭局…
震撼教育,劇情,2001-10-26,在【震撼教育】中，丹佐扮演洛杉磯緝毒組的高階警官，與黑道勢力對抗多年，是一名身經百戰的警界戰將。慕其名而努力成為緝毒組一員的傑克(伊森霍克飾)有幸獲得其親自調教，「要對抗攻擊羊群的狼，只有把自己變成狼，只有狼可以制服得了狼」。傑克謹記前輩的教誨，卻發現箇中不為人知的秘密，正義與邪惡竟然只有一線之隔，這個事實不斷地挑戰、衝擊著傑克的正義感與責任心，在這二十四小時的試練下，傑克會作出什麼樣的選擇？究竟這是不是教育的課程內容之一？【震撼教育】是一部大膽寫實的警匪片，它赤裸裸地暴露了警察在臥底辦案時，必須周旋在黑白兩道之間，是非觀念變得模糊不清的真實狀況。故事描述艾朗索警探對一名菜鳥警察傑克霍特的考驗，傑克必須在一天之內証明自己有在街頭臥底辦案的能耐和膽識。他在接下來的二十四小時內漸漸被捲入一個是非並不分明的現實世界，而他和艾朗索為了堅持自己的信念，必須拿自己的前途和生命當賭注。
神鬼第六感,劇情,2001-10-24,一個名叫葛瑞絲(妮可基嫚飾）的女人在二次大戰末期，帶著兩個孩子避居到小島上，等著丈夫從戰場回來。由於她的孩子們患有疾病，不能接觸陽光，所以一家人必須被迫孤獨地生活在陌生的小島上。葛瑞絲在日常生活上訂有種種奇怪的規定，如：不可隨便把門打開，除非先確定前一扇門已經關上。葛瑞絲一家雖然過著與世隔絕的生活，但她總覺得這座房子有那麼點不對勁，尤其她的女兒一直聲稱屋子裡還有其他人...加上新來的三個古怪又神祕的僕人，葛瑞絲究竟會遭遇到什麼樣的危險呢？
觸不到的戀人,奇幻,2001-11-03,1997年剛搬家的星賢在信箱裡發現了一封寄自1999年署名恩澍的信件，而1999年的恩澍不久後也收到來自1997年星賢的回信，原本以為是個玩笑，卻發現這個不可思議的時空信箱，竟然讓這兩個前後時期、相差兩年的房客展開了一段跨越時間的迷人愛情故事…
北京樂與路,劇情,2001-11-10,北京正處於風雲匯集、新舊傳統的規律與現代的思潮所產生的強烈對比當中。在香港長大並在外國受教育的創作樂手Michael，因一次事故滯留北京，遇上從別省來到這個中國首都碰運氣的搖滾樂手平路及反叛又深情的艷舞女郎楊穎。三個背景完全不同的年青人，不由自主的互相吸引著。這三個人產生了一段錯縱複雜的關係，展開了一段奇異的走穴(下鄉演唱）旅程。故事以北京的流行音樂壇為背景，穿插著平路中西合璧的搖滾樂，隨著音樂的旋律，我們看見一個既浪漫又色彩繽紛，既被中國傳統文化牽引著，又具備尖端現代動感的世界級都市，我們更看見這個都市裏背景不同、性格各異、但都滿懷希望與憧憬的年青人，各自為了實現心中遙遠的夢想，付出了無比的努力，有人成功，也有人失敗。但無論結果怎樣，這三個活在社會邊緣的年青人，為了愛情、事業、理想，都無悔地把生命燦爛的燃燒著....
晚孃,劇情,2001-11-03,"""真""一出生，他的母親""Dara""便與世長辭。有人說，他的一生從此受到詛咒。由這時候開始，""Dara""的丈夫老爺非常憎恨這個嬰孩，因此把他叫作""真""(亦即泰語被詛咒的意思）。正因如此，老爺一直視他為敵，不停虐待他、打他，更因他抖膽哀悼其母而把他鎖進「鬼房間」內。不過，老爺對""真""的仇恨，跟他在「Visanan莊園」內的荒淫無度卻毫無關係。""真""最早的童年回憶，是目睹老爺在他亡妻的肖像前跟女佣打得火熱。事實上，老爺是個無法控制情慾的人，也不顧得家中有誰知道。當""Dara""的好友華姨由Pijit來充當孩子的代母時，老爺急不及待又把她納入其戰利品之列。不久，華姨替老爺誕下女兒""喬""。老爺很寵愛她，並教她跟他同樣地憎恨""真""。換言之，""真""在極惡劣的環境下成長，亡母的慈容與嚴父的肆虐，使他對是非黑白混淆不清。""真""17歲那年被逐出「Visanan莊園」，自此命運開始改變。當時，老爺的舊情人晚孃(鍾麗緹飾演)與他們同住，並樂意把「愛的教育」傳授給""真""。不過老爺卻突然誣告""真""強姦了""喬""，並把沉重的茶杯向他迎面擲去，在他前額上留下永不磨滅的疤痕。""真""知道誰是真兇，但沒有直言。他悄悄地離開家園，心情如釋重負。三年後，""真""被召回家，他決定利用這個機會向老爺復仇。原來""喬""懷孕，是誰播的種卻無人敢說，而她卻急需一個丈夫。老爺選中""真""，因為他是「Visanan莊園」的另一男性繼承人。""真""答應娶""喬""為妻，但卻趁機開索天價：「他要成為Visanan的主人。」老爺奇怪地答應他，並簽署物業轉讓的文件。成為大屋的主人後，""真""開始玩弄他身邊幾位女性的感情，甚至肉體，跟老爺從前的行為不遑多讓。究竟這個年青人終於向老爺報了仇？又還是他其實活在與生俱來的詛咒中？"
人間有情天,劇情,2001-11-17,(2001年坎城影展最佳影片金棕櫚獎)心理醫師喬凡尼一家四口，居住在義大利北部美麗的濱海城市，他和妻子寶拉，以及一對正值青春年華的兒女，長女愛琳和愛子安德烈，家庭生活和樂融融、溫馨甜蜜。每天，喬凡尼的病人在諮詢室裡向他傾吐各式光怪陸離的病情，對比他們強烈的狂想偏執，喬凡尼更能感受到平安喜樂的幸福。然而，某個星期天的早晨，喬凡尼意外接獲噩耗，原來兒子安德烈在和朋友潛水時驚傳惡耗。他永遠不會回來，而喬凡尼承諾和他一起晨跑的約定，也永遠無法實現。失去安德烈後，喬凡尼一家幾乎無法從打擊中復原，成員哀痛至極。此時，他們收到一封神祕女孩寫給安德烈的信，為原先死氣沉沉的家庭重新帶來生機…
美國派2,喜劇,2001-11-10,1999年暑假，全球影迷都愛上【美國派】一片中那群可愛搞笑的高中生，也陪著他們探索愛情、性和友情的真諦，這部青春爆笑喜劇不但締造驚人的票房成績，也反映了許多青少年的心聲，他們對片中男主角為了初嘗禁果做出的各種糗事都發出會心一笑。今年環球影業找來原班人馬，推出令人期待的【美國派２】，這一次這些高中生都邁入成人世界，片中的男生在當了大學新鮮人的第一年暑假一起租了間海灘小屋，除了紀念他們堅固的友情之外，也要過一個最狂野的暑假，但是跟第一集一樣，他們的美夢能不能成真，最後還是要看女生的反應。經過了夜夜笙歌的狂歡和不可避免的糗事之後，這群年輕人發現雖然人事物都會變遷，但是只有友情是永遠不變的。
我和吸血鬼有份合約,劇情,2001-11-24,1921年默片時期，德國最重要的導演F.W.穆瑙，決定不顧【德古拉】Dracula原作者史托克遺孀的反對，執意將該部小說改編上大銀幕，而為了避免版權上的困擾，穆瑙因此將這部新片的片名改為－《吸血鬼》Nosferatu。這位當時最有才華也最具膽識的大導演穆瑙，決定捨棄二○年代德國電影界以片廠搭景的拍攝方式，在完成了開場女主角葛莉塔的片段後，便帶著攝影師、製片人、編劇與男主角等大批人員與器材，遠赴捷克出外景，並與飾演吸血鬼歐洛伯爵的另一位男演員在當地會合。沒有人知道這位扮演歐洛伯爵的麥斯許瑞克到底是誰？只彷彿聽說這名演員是穆瑙從劇場界中發掘出來，而且是個極端服膺大師史坦斯拉汶斯基「方法表演」的表演藝術家，他老早就已住進了捷克的古城堡中，遵循著吸血鬼的方式生活，從思想到形態外貌，都務求能宛如一隻不折不扣的吸血鬼。因此，他也只能在夜間參與拍攝工作。麥斯許瑞克的第一場迎賓戲，在荒涼的古堡外開拍，初次見到他，所有的人都不禁瞠目結舌，那形容枯槁、眼眶深凹、牙齒暴凸、肩聳背彎尖耳的模樣，真實的程度遠超過他們所能想像，而那彷彿洞悉一切卻又帶點畏縮的陰沉眼神、那細瘦尖長的手指與長指甲、那猥瑣又具有侵略性的體型姿態，更讓見到他的人都忍不住打起寒顫來。當晚，攝影師莫名其妙的就病倒了………。第二天，勉強地又拍了一場古堡內簽約的戲後，攝影師詭異的幾乎喪命。穆瑙憂心又氣憤地回到柏林另覓攝影師。而留在捷克繼續搭景的工作人員發現，一股詭異的氣氛慢慢的籠罩著他們，一連串的怪事也莫名其妙地發生。穆瑙帶回了另一名攝影師，劇組飛快地趕著已被耽誤的進度，隨著吸血鬼躲在船艙的棺材裡飄洋過海的劇情，穆瑙與工作人員，以及神秘的麥斯許瑞克搭乘飛機來到了一個海上小島，和女主角葛莉塔會合，準備拍攝最後的一場戲。而那場戲，也正是穆瑙所允諾給予麥斯許瑞克，演出這部影片的酬勞-------不朽的生命，與美麗女主角葛莉塔的脖子．．．。在這部偉大的經典中，從這一刻起，就將從幻影走向真實……
千禧曼波,劇情,2001-11-17,年輕生命的消耗像是一首風馳電掣的搖滾樂，以熱情洋溢的節奏，瘋狂起始，然後又在某個渾然忘我的時刻，曳然而止。電音感官的放縱、暗夜生涯的浪蕩、過渡愛情的沈淪、江湖義氣的不歸路，都是多少熱血靈魂曾經走過的無悔無憾。一個年輕女孩活在她自己的異世界裡，寫著虛幻顛簸的年輕故事。迷幻的時序，跳躍的空間，所有事件都在若有似無的混沌裡進行。女孩名叫Vicky(舒淇飾），帶著五十萬存款，跟小她兩歲的雙魚座男人小豪(段鈞豪飾）拍拖。小豪是無業遊民，以極度自私的方式愛著Vicky。他精準計算著她下班回家的時間，檢查她的各種帳單與手機通話記錄，並且嗅窺她身上的氣味，然後在發現不尋常的蛛絲馬跡之後，歇斯底里地發怒，讓猜疑迷惑了年輕衝動的心智。兩人這樣互相折磨著，不平衡的戀情難以長久。Vicky為了養小豪而在酒店當公關，她有一群玩伴，帶她在PUB裡認識了捷哥。捷哥年長而成熟，他們在一起像是大哥驕縱著小妹。Vicky開始覺得她需要到另一個世界，於是在一個蒼白的日子裡，她想要離開，離開小豪，離開這個島嶼的不安，她想要逃得遠遠的..
救世主,動作,2001-12-07,未來除了我們生活的世界之外，同時還有許多平行的小宇宙。而在每個平行的小宇宙中，又都存在著每一個人的“分身”。每當一個分身死亡，其體內的能量就會平均分散到其餘的分身上。如果所有平行小宇宙中的分身都死亡，所僅剩的最後一個人，他體內的能量就可以讓他呼風喚雨、統治整個宇宙。蓋勃瑞(李連杰飾）是一個身手矯捷、極富正義感的洛杉磯刑警。在不知道有平行宇宙存在的情況下，他遇見一個跟自己長得一模一樣的人來追殺他，蓋勃瑞還以為是幻覺。當他知道自己是阻止邪惡的蓋勃瑞稱霸世界的唯一希望，他必須挺身而出，對抗自己的分身。不過整件事情並不是他所想的那麼簡單，因為除了要對抗自己邪惡的分身之外，還有更多的危機正等著他…
鬼計神偷,劇情,2001-10-06,尼克魏斯準備洗手不幹，他打算和他女友黛安退隱江湖，安安份份地在蒙特婁經營一家爵士餐廳，但是他的掮客、好友及生意夥伴麥斯卻另有打算。麥斯計畫幹下最後一票，也是最大的一票，他用盡方法說服尼克接下這個不可能的任務，也違反了他身為神偷以來一直奉行的兩個原則，那就是絕不和人搭檔，絕不在居住的城市犯案。佩但是這次麥斯卻幫他找到一個年輕氣盛卻聰明絕頂的新秀神偷傑克泰勒當搭檔，年少輕狂的傑克正在磨拳擦掌，準備幹下這天大的一票，也就是被深鎖在防守嚴密的蒙特婁海關大廈裡的一個無價之寶.…
少林足球,動作,2001-08-24,二十年前，有「黃金右腳」之稱的足球員明峰，被同袍強雄設計所害，在一場重要的比賽中，他罰射一個20碼球時竟然失敗，這不單讓他名譽掃地，更被打斷右腳，這樣的挫折讓明鋒信心盡失，最後淪落街頭，而強雄則自此一帆風順成為足球界鉅子。二十年後，明鋒(吳孟達飾）偶然認識以拾荒為生、性格樂天，對武術極度執迷的星(周星馳飾），意外發現他的驚人腳力，憑她專業的眼光認定星有足球天份，鋒因此遊說星打足球，參加全國超級班足球大賽，為了增加球隊實力，推廣少林武學，星遊說一班當年再少林寺習武的師兄弟「鐵頭功」(黃一飛飾）、「鐵布衫」(田啟文飾）、「旋風地堂腿」(莫美林飾）、「鬼影擒拿手」(陳國坤飾）、「輕功水上飄」(林子聰飾）等人一起參加。可惜大家都為了謀生荒廢了武學而且鬥志全無，但為了一百萬的獎金，大家也只有奮力一搏。第一場比賽面對以暴戾聞名的霸王隊，每個人都被打得半死，在千鈞一髮之際，星喚起個人的潛在鬥志，一瞬間各師兄弟重拾了本身的絕技，更將之融入了足球內，發揮了驚人的威力，最後更令霸王隊歸順，成了一隊完整的「少林隊」。另外饅頭皇后太極手(趙薇飾）以太極功夫製造饅頭，令星十分佩服，雖然梅常常悉心照料星也對他十分有好感，無奈因樣貌奇醜而自卑，也不敢向他表達愛意。少林足球隊在全國大賽中過關斬將，順利打進決賽，最後所面對最強的對手竟是明鋒的宿敵強雄(謝賢飾）所帶領的「魔鬼隊」，「魔鬼隊」以高科技方式訓練球員，並服用違禁藥品，成為名符其實殺人不眨眼的魔鬼，「少林隊」一個一個隊員都被當成標靶，面臨慘敗的局面。這時一個讓他們意想不到的人卻突然出現，他們是否可以轉敗為勝，展現生機呢？……
史瑞克,冒險,2001-06-30,很久很久以前，有一個憤世嫉俗、不茍言笑的綠色巨人史瑞克，一個人孤零零地住在遙遠的沼澤裡，有一天一大堆惹人厭的童話故事人物突然打亂他平靜的生活，他吃的食物有瞎了眼的小老鼠，床上躺了一隻大野狼，家裡來了三隻房子被吹倒的小豬仔，這些童話人物通通都是被邪惡的法克大人給趕來。他為了拯救這些童話人物，還有他自己的家，於是就和法克大人談了一個條件，他必須把美麗的費歐娜公主救出來，嫁給法克大人，他在路上找到一個講起話來喋喋不休、口若懸河的驢子，他什麼都肯為史瑞克做，就是不肯乖乖閉嘴。但是當他發現美麗的公主竟然深藏了一個可怕的秘密，事情就變得更複雜了....【史瑞克】乍看之下是一個典型的童話故事，故事中有一個英雄、一位美麗的公主和一個大壞蛋，但是與眾不同的是，故事中的英雄是一個脾氣暴燥、奇醜無比的綠色怪人，公主也沒有那麼天真無邪，而且大壞蛋的毛病更多。夢工廠的三巨頭之一傑佛瑞凱森柏格說：「【史瑞克】是傳統童話故事的搞笑版本，它嘲諷了所有的經典童話，徹底顛覆了一般人對童話故事的刻版印象。本片獲得2002年第74屆奧斯卡金像獎最佳動畫電影獎。
枕邊陷阱,劇情,2001-09-14,十九世紀末，一名古巴哈瓦那咖啡商路易(安東尼奧班德拉斯飾演）事業有成，什麼都不缺的他唯獨缺一名女主人，個性老實的路易對女人沒有什麼特別要求，只要對方能持家生子即可，在素未謀面的情況下，他遠從美國娶了一名郵購新娘茱莉亞(安吉莉娜裘莉飾演），他對這個女人一無所知，只能透過一張發黃的照片知道對方是一名相貌平庸的女人。到了迎娶之日，路易去碼頭迎接渡海而來的茱莉亞，沒想到他所接到的新娘卻是讓他驚為天人的美豔女子，路易喜出望外卻又不知所措，反而不敢冒然親近美豔的妻子，但是與茱莉亞日漸相處後，他漸漸迷戀上她，而這種火山孝子般的過份迷戀甚至引起眾親友的竊竊私語。就在路易沈醉在茱莉亞帶給他的消魂幸福時，茱莉亞的姐姐與一名美國警探卻遠從美國來打聽茱莉亞的消息，他們懷疑真正的茱莉亞已遇害身亡。深愛妻子的路易寧願欺騙自己，也不願意相信他的婚姻是一場騙局，然而，當他鼓起勇氣找妻子對質時，卻發現人去樓空，這位假茱莉亞將他的現金洗劫一空後不知去向。枕邊人的欺騙與背叛，讓路易由心碎轉向憤怒，他變賣所有家產，並且在美國警探的陪同下繼續追查茱莉亞的下落。路易不惜一切代價想要找回妻子，他發誓要殺了這個女人付出代價，但是他有本事對抗茱莉亞嗎？還是陷入另一個更致命的陷阱？因為，跟茱莉亞發生糾葛的男人，似乎不是僅限於他。愛慾、暴力、懸疑、驚悚等危機開始襲擊路易寧靜的人生，他與茱莉亞之間的愛恨交織、爾虞我詐，不到最後關頭，不知鹿死誰手．．．
心花怒放,喜劇,2001-05-19,珍(艾許利賈德飾演）是一名獨立自主、時髦聰穎的紐約客，她在一個熱門脫口秀節目擔任幕後執行製作人員，她想成為事業女強人，同時也渴求美滿的愛情，當瀟灑迷人的新主管雷(葛瑞基尼爾飾演）出現在她眼前時，她知道白馬王子出現了，而雷也迅速愛上珍，這段戀情就如乾柴遇到烈火般迅速引爆，不幸的是，也燃燒的快。就在雷開口將「我愛你」三個字說出口，甚至邀請珍與他共築愛巢，讓珍以為自己是全世界最幸福的女人時，雷突然對這段進展順利的感情卻步，於是，雷又說了「分手吧」這三個字，頓時珍陷入世界末日。失去感情的珍也失去房子，原本以為要搬去跟雷同住，故將自己的公寓退租，這下可好了，她無家可歸，好在同事艾迪(休傑克曼飾演）願意與珍分享他的公寓。艾迪是珍最瞧不起的花花公子，可是在別無選擇的情況下，珍只好暫時與這位「種馬」共處同一屋簷下。心碎的珍仍無法理解為什麼雷甩了她，在男性雜誌擔任編緝的好友麗絲(梅莉莎托梅飾演）的鼓勵下，珍開始瘋狂研究雄性動物的求愛模式，因而發明一種「新牛理論」，就是公牛與母牛交配後，只會再找新母牛交配，絕對不會找曾交配過的母牛，而經常帶女人回家一夜情的室友艾迪，就成了「新牛理論」最有力的臨床實驗證明。珍同時用假名義以性學博士身份在男性雜誌發表性愛專欄，卻意外成了全國最受歡迎的專欄，媒體競相爭邀訪問這位神祕作家，包括珍負責的脫口秀主持人黛安(艾倫巴金飾演），也命令珍一定要找出這位神祕博士上節目，這一切只有珍自己心知肚明，而她也發覺自己愛上艾迪，因為他並非她所想像的那般「公牛」．．．珍有勇氣向世人公開自己就是性學博士的事實嗎？更重要的是，她能夠拋卻過去的創傷，坦然面對自己內心的聲音，與艾迪共譜新戀情嗎？一部結合【征服情海】、【愛在心裏口難開】等片動情原素的愛情浪漫喜劇！
幽靈人間,奇幻,2001-09-29,十五年前……一個滿頭大汗的大漢匆忙的在街上奔跑，大漢突然跌出電車路上，被一輛貨車撞到身首異處。無頭人竟霍然彈起，發足狂奔跑了好一段方才倒下。一個小女孩目瞪口呆的望著電車底，見該人頭顱卡在電車底，雙眼仍然睜大，臉部仍帶著喜悅的笑容…十五年後，髮型師Peter偶然遇上神秘而感性的June，二人並迅即發生關係。Peter對這個古古怪怪，自稱有單邊陰陽眼，看得見鬼神的女孩子產生莫名好感，並企圖認真發展二人關係。但奇怪的事卻接二連三出現。首先是Peter在長洲和June目睹一隻女鬼上了June的朋友身；然後是Peter的父親盧杰於風雨夜突然從老人院偷走出來，告訴Peter其實他並不是老人痴呆，而是被鬼纏身；繼而在Peter幫助一個小孩，替其母驅走纏身厲鬼之後，才發現原來該小孩已死。令到對鬼神半信半疑的Peter一再和靈界接觸，產生混亂。最令Peter疑惑的是其父突然自殺死後，老人院黃姑娘告訴Peter在其父死前，June竟曾和盧杰相互對望良久而不發一言。Peter追問June原因，June卻支吾以對。Peter企圖跟蹤June，竟發現June神神秘秘地走入元朗，和一個身穿道袍的人相會，並迅即被一群大漢毆傷，令Peter漸漸對所謂鬼神之事愈來愈討厭。不料June此刻竟告訴Peter那隻最近經常出現的無頭鬼，其實是衝著Peter而來。Peter益加覺得June胡言亂語，決意和June分開。直至某日醒來，Peter發現自己竟睡在西環電車路上，不時夢見父親無頭的Peter深知不妙。當發現十五年前西環無頭人事件，June當天竟在場時，Peter隱隱覺得這一切必定和June又莫大關連。就在Peter堅信一切事件其實和June有關時，突然離奇墮樓受傷的老友Simon卻告訴Peter有問題的似乎是他自己，因為Peter竟然渾渾噩噩的把房子漆上紅油，更把Simon推下樓。Peter思緒混亂，決意找June弄個明白。原來無頭鬼真的衝著Peter而來，因為當年是盧杰害死他的。無頭鬼並不打算放過Peter，誓要置Peter於死地……
小鬼大間諜,動作,2001-06-15,柯特茲一家四口樂融融，爸爸奎格利和媽媽英格麗鶼鰈情深，女兒卡門和兒子裘尼最愛互相吐槽。媽媽愛說「間諜情深」的床邊故事給兩個寶貝蛋聽；傳說有兩位技藝高強的間諜奉命痛宰對方，沒想到見了面電光火石一觸即發，兩人比武不成反倒攜手落跑，相親相愛共組小家庭，才發現：為人父母比當間諜困難一百倍！這天「紅色警戒」突然大響，菲力斯叔叔出面真相大揭露，「間諜情深」原來是爸媽甜蜜初戀故事，兩人本是OSS組織王牌間諜，退隱多年後重現江湖，卻和七名間諜同遭暗黑破壞王劫持。暗黑破壞王是個科技怪胎，白天主持電視兒童秀，骨子裡算計著統治地球的大陰謀，專抓聰明絕頂的間諜生化改造成「怪臉福葛力」。爸媽生命危在旦夕，組織人手青黃不接，卡門和裘尼是這場災難的唯一救星！現成的間諜裝備酷炫登場，飛天背包水陸跑車超級潛水艇上山下海都不成問題，就等兩個小鬼一闖暗黑城堡搶救老爸老媽！
美國甜心,喜劇,2001-09-29,好萊塢大明星葛薇(凱薩琳麗塔瓊斯飾）的妹妹兼助理琦琦(茱莉亞蘿勃茲飾）是位個性善良的女孩，凡事任勞任怨，任憑驕縱的明星姐姐使喚。葛薇和艾迪(約翰庫薩克飾）都是好萊塢的大明星，倆人合作的電影部部暢銷，是一對人人稱羡的銀色夫妻，但是葛薇卻在拍攝另一齣新片時和合作的西班牙男演員漢克斯(漢克阿撒利亞飾）傳出婚外情。為了不影響葛薇和艾迪最新合演新片的票房，琦琦和資深的媒體公關李(比利克里斯多飾），只好費盡心思塑造倆人恩愛幸福的假象。在謊言的包裝下，葛薇和艾迪在人前表現出相親相愛的一面，人後卻吵翻天。琦琦努力撮合姐姐和姐夫的婚姻時，卻發現她早已愛上了姐夫艾迪，在愛情和形象、票房的壓力下，他們該如何作出抉擇呢？
劍魚,動作,2001-09-21,史丹利(休傑克曼飾)是全世界最頂尖的電腦駭客，他曾經以其過人的電腦知識與技術，入侵並癱瘓聯邦調查局嚴密的監控系統，結果史丹利不但被判入獄服刑，假釋出獄後，政府更不允許他接近任何電腦周邊產品，連離婚之後女兒荷莉的監護權都歸給女方，幾乎失去謀生能力的他，這下連活下去的勇氣都沒有了。「只要你跟我合作，不僅僅會有一大筆錢，你還可以跟你女兒在一起過你們想要的日子。」神秘人物蓋布洛(約翰屈伏塔飾)派遣他美麗的屬下金姬(荷兒貝莉飾)，邀請他加入一個神秘的組織，只要史丹利能為他們成功地入侵聯邦政府嚴密保護下的虛擬世界─「劍魚」，他就可以得到一大筆錢跟他的女兒一起離開這個充滿是非的地方。原來蓋布洛是一名激進且極右派的情報員，他獨創一套以暴制暴的愛國主義，儘管不為世人認同，他依然堅持自己的立場。他需要一筆錢，一筆大到能夠建構他組織的鉅款，他很清楚在網路虛擬的世界裡，有一個代號為「劍魚」的虛擬世界，聯邦政府在裡面暗藏著巨額的黑金與不為人知的犯罪紀錄，只要有人能夠幫他突破「劍魚」這個世界，這筆黑金就可以轉進他的組織，幫助他壯大組織，實現他以暴制暴的愛國思想。另一方面，聯邦調查局也在積極防堵蓋布洛的瘋狂行動，派出多名高級幹員準備緝捕蓋布洛與史丹利，同時，另外一批想要阻止蓋布洛擴張野心的殺手也密集部署隨時準備刺殺蓋布洛與史丹利。儘管史丹利企圖逃離組織，女兒荷莉卻被牢牢地控制在蓋布洛的手中，逼得他不得不乖乖就範。這一樁高科技的網路搶案，就在史丹利排除重重的困難與障礙，進入「劍魚」世界的同時，他才赫然驚覺這一切原來並不如表面上看起來那麼簡單，他只是一整個複雜陰謀中的一個小棋子，而這整個計劃絕不單單只是為了掠奪金錢，蓋布洛真正的目的是什麼？
天蛾人,科幻,2002-04-12,"一個曾經受眾人敬重，風雲整個華盛頓洲的政治新聞記者-約翰肯林，無助的站在他年輕的妻子-瑪麗身旁，看著他從腦瘤的病痛中突然離去。約翰一直無法接受妻子過世的事實!悲劇發生後一年了，他仍然陷入痛苦中，常常到維吉尼雅鄉間的酒吧尋求慰藉。在一個令人毛骨悚然的暴風雨中，開往回家的路上，一個令人無法相信的事發生了，約翰發現自己竟然不知不覺得在30分鐘內走了400公里，來到了一個位於維吉尼雅西部名叫PointPleasant的城市。PointPleasant是一個溫馨充滿人情味的小鎮，不過最近卻被許多奇怪的現象所籠罩。住在這兒的居民紛紛傳出遇到可怕及令人恐怖的經驗，有人被恐怖的惡夢纏身、有人則曾聽到陰森恐怖的聲音中夾帶著威脅的預言從電話中傳出、又或者有詭異的影像突然出現在電視螢幕前。總總的傳說不禁令約翰感到懷疑，但卻又引起他極大的興趣及好奇。就在他參加了小鎮一個大型夜間聚會，眾人抬頭觀看幾天以來同一時間都會閃過天際的一道熾熱光束後，他逐漸開始相信了傳說。當約翰親眼目睹自己的預見能力，在一個恐怖的世界災難中發生後，他被所發生的事給困惑住了，他簡直無法相信自己親眼所見的一切。而且當他發現在這小鎮中有許多人都曾經看到過一隻有著巨大翅膀會飛的紅眼怪獸幻影時，他突然想起，村民們所看到的恐怖幻影竟然和瑪麗在死前看到的一樣。他相信這件事一定和他太太的死有關，只要是他還尚存一息時，就會把自己所有精力消耗在與他太太的死有關的傳說中。一日他無意間遇見了當地熱心助人的警察，名叫康妮派克，兩人立刻被對方所吸引，約翰對康妮有著無法自拔著迷戀。約翰循著蹤跡找到了在紐約市當地一位非常著名、有聲望的玄學家，他把【天娥人】的傳說詳細的都告訴了約翰。天蛾人是一個會神秘預言的巨大飛行動物，它是一個超自然的生物，在它出現之前就有著許多不幸的傳說。有人說，看到天蛾人就等於看到一個人死亡的宣判。到到目前為止；約翰確信己有超過30個人以上，曾看到過這個""長得像鳥""的人，這其中也包括了康妮。他相信他來到這個pointpleasant的小鎮，並非是個意外，而且恐怖的是他感覺那種無能為力去制止悲劇發生的情形又將再度發生。一段不可知的未來正等著他…。"
梅爾吉勃遜-勇士們,動作,2002-03-22,1965年在越戰中，第一場美軍與越共最慘烈的戰役。四百名美國大兵，第一次利用美國首創的直昇機空中機動任務，空降至德浪河谷的敵軍陣營之中，發現他們被2000名敵軍包圍，第七騎兵隊第一營營長穆哈爾(梅爾吉勃遜飾）帶領著他的弟兄面對這場充滿劣勢的戰爭，在那裡，他們以生命中最漫長的一個月堅守陣營，只為了堅持到最後一刻、最後一人、最後一顆子彈，而穆哈爾堅信在這次戰役中，他將是第一個踏上敵陣，也是最後一個離開的人，而且每一個人都要活著回來！他們為人父、為人夫、為人子也為人弟兄，戰火線上他們視死如歸，他們是一家人，也是同袍手足，他們只有彼此照應才有存活的希望。
K星異客,科幻,2002-03-30,一名個性溫和的流浪漢普洛特在紐約中央車站目擊一場搶案後被警方逮捕，他在警局跟警察說他來自一個叫作Ｋ－ＰＡＸ的遙遠星球，於是他被送到精神病院，精神科醫師馬克包威則負責治療這名自稱是外星人的精神病患。見過各式各樣精神病病患的包醫師一開始把普洛特當成一般的案例，他自以為很快就能查出他的底細，但是事情沒他想像的那麼簡單。普洛特在治療過程中向包醫師描述地球和Ｋ－ＰＡＸ星球的不同，他說他很喜歡地球，但是暑假結束後，他就必須返回他的星球。雖然包醫師不怎麼相信他，但是他似乎擁有一股神奇的力量，讓病院裡的病患都能信任他，於是他得到每一個病患的信任與好感，而且他們都想要跟他一起回Ｋ－ＰＡＸ星球。儘管普洛特表面上看來溫文儒雅、彬彬有禮，但是包醫師卻相信他的內心深處一定受過重大創傷，他必須把他的傷痛挖掘出來，免得時間一到，他就會永遠陷入精神錯亂的狀態。但是在治療的過程中，包醫師開始對他一直深信的理念感到懷疑，而普洛特的所作所為也不禁讓他開始相信，也許普洛特真的是一個貨真價實的外星人。就在他探索普洛的內心世界的同時，他也必須反省自己的人生，並且發掘他真正的自我。
意外邊緣,劇情,2002-03-16,榮獲~金球獎最佳女主角，倫敦電影金像獎最佳導演，日舞影展最佳演員獎，美國電影協會最佳女主角獎，廣播影評人協會最佳女主角獎、金衛星最佳女主角獎，國家影評人協會最佳影片、最佳導演獎，紐約影評人協會最佳男主角、最佳女主角、最佳新進導演獎……麥特(湯姆威金森飾）和露絲(西西史派克飾）福勒夫婦是一對中年夫妻，他們居住在緬因州，感情融洽。麥特是鎮上的醫生，至於露絲則是鎮上高中唱詩班的教師。儘管教授的樂團即將舉行公演，但是露絲甚至她的丈夫麥特都無法專注，因為他們的兒子法蘭克(尼克史塔飾），愛上了一個他們眼中不該愛的女人…法蘭克是個敏感的年輕人，畢業在即的他，有意繼承祖父捕龍蝦的事業，然而整個夏天，他都沈浸在與娜塔莉史托(瑪麗莎托梅飾）的戀情裡。麥特對孩子一向比較放任，反而母親露絲比較專斷且愛發號施令，她認為娜塔莉不是理想的交往對象：她比法蘭克年長、教育程度不高，經濟狀況不佳，加上有兩個小孩，背景複雜；更重要的是，她和丈夫理察史托(威廉馬波德飾）尚未正式離婚，只是分居，而且她丈夫在鎮上來頭不小、陰魂不散，有嚴重暴力傾向，攻擊性強。終於，理察找到了娜塔莉，也找上福勒全家。直到他的出現，一切事件急轉直下，許多的回憶、創傷和衝突都被重新翻攪，也帶來難以彌補的毀滅…
忘了我是誰,奇幻,2002-03-16,彼特艾波頓(金凱瑞飾)是好萊塢一位剛入行的電影編劇，他的第一部作品【撒哈拉沙漠大盜】剛剛完成，受到全美觀眾矚目，正當他準備大展鴻圖時，一個調查美國境內反美活動委員會突然指控他曾經支持左派組織，要立刻傳喚他出庭作證，彼特不僅因此丟了前途，他的明星女友也離他而去，他在一夜之間變成了洪水猛獸，人人避之唯恐不及，彼特在失意之餘，驅車散心，卻意外地發生一場車禍，連人帶車落入急流的河水中，意識昏迷的彼特被河水遠遠地帶到一個平凡的小鎮─羅森，初來乍到的他，卻觸動當地居民平靜已久的心。羅森鎮的年輕人絕大多數在大戰中以身殉國，全鎮因此顯得死氣沉沉。頭部受到撞擊而喪失記憶的彼特被鎮裡的人救起，在經過簡單的醫療檢查之後，所有與彼特接觸的人都發覺他長得很面善，而彼特卻始終想不出自己是誰，「堂皇戲院」的老闆哈利春柏(馬丁藍道飾)，急急忙忙趕到醫院，在一陣仔細端詳之後，證實他就是他在戰爭中生死不明的兒子路克春柏。消息傳出，全鎮因此震動，整個鎮因為路克的平安歸來而呈現歡欣鼓舞的熱烈氣氛中，而年邁的哈利春柏更是欣喜若狂，重新燃起對生命的希望，原本他經營的「堂皇戲院」在愛妻過世，獨子失蹤的情況下，讓他無心工作，戲院變得老舊而殘破。另一個留下欣喜之淚的是鎮上醫生的女兒愛戴史丹頓，許多年以前，他們曾經是一對相愛至深的戀人。哈利在和愛子重逢以後，決定要讓堂皇戲院重新開幕，全鎮居民都為此歡欣鼓舞。從旁人的嘴裡，彼特發現路克是一個勇敢真誠、愛國愛家、敢於追求理想的人，尚未恢復記憶的彼特，以路克的身分在小鎮裡展開生活，被羅森鎮民的溫暖深深感動，他努力地與哈利一起修復戲院，隆重地開幕，為原本氣氛晦暗的小鎮增添歡樂的色彩。幾個禮拜後，堂皇戲院上映新的電影，正好是彼特艾波頓的編劇作品【撒哈拉沙漠大盜】，彼特反覆咀嚼電影中他所寫的台詞，剎那間恢復了記憶，他想起自己是彼特艾波頓，不是大家心目中的路克，就在彼特陷入進退兩難之際，反美活動委員會調查員追蹤到羅森小鎮，要求彼特立刻出庭。愛國的小鎮居民發現彼特曾經支持左派活動，立刻與他劃清界線，讓彼特再度陷入眾叛親離的情況中。面對急欲將彼特治罪的法庭，已經一無所有的他該如何處理這樣不合理的指控？羅森小鎮的居民還願不願意支持他這位熟悉的陌生人？
開膛手,犯罪,2002-03-08,開膛手』改編自暢銷的驚悚小說，書中大量且細膩地描寫了開膛手傑克糾結難理的複雜心理樣態，鉅細靡遺地回溯他的連續殺人案例，以及當時整個英國塵囂甚上的各種說法和未被證實的裴短流長：1888年的霧都倫敦，一個自稱『開膛手傑克』的男子，在十個禮拜之內，連續犯下五樁慘絕人寰、帶著詭譎儀式的殺人命案，巿民莫不陷入恐慌，整個城巿瀰漫著駭人聽聞的猜測和流。巧合的是，這幾名受害者都是彼此熟識的窮困妓女。這些妓女靠著身體賺取微薄收入來勉強為生，忍受著社會的羞辱和歧視，如今還要面對著一個惡魔，伺機要奪走唯一擁有的東西--生命。而願意伸出援手的，只有警探佛瑞德亞伯萊（強尼戴普飾演）。其中一名仍然活命的妓女瑪麗凱利（海瑟葛拉罕飾演），不相信上流社會人士會真心幫助她們，因此不願意積極協助佛瑞德辦案。佛瑞德在重重阻礙當中，發現上級刻意將這個案子壓下來，甚至消滅犯罪證據，唯一的例外是一名皇室的御用醫生威廉高爵士（伊恩何姆飾演），他認同佛瑞德的看法，確信兇手絕對不是一般的屠夫或暴徒，而一個了解外科醫學的知識份子。在威廉高爵士的協助之下，佛瑞德發現『開膛手』可能不是一個人，而是與一群貴族私生活有關連的行動，而此刻，妓女瑪麗凱利也命在旦夕，因為她正是『開膛手』名單上最後一個名字．．．　在『開膛手』事件之前，全倫敦只有百餘家報社；因為『開膛手』的出現，一夕之間，倫敦多了上千家報紙爭相報導。』換句話說，開膛手傑克在報業演進史上佔有了一席之地，同時也是第一位被小報拱出來的明星人物。真實世界中，開膛手未曾被逮捕到案，關於他的一切，直到今天，依舊是一團謎。
真情快遞,劇情,2002-03-16,你大概不會想認識奎爾這個傢伙，他是那種和你撞肩而過，你也絲毫不想回過頭去再看一眼的凡夫；你不會想知道這個溫吞無趣的男人，在他的生命中曾經發生過那些事；如果有本小說或有部電影，拿這傢伙當做故事的男主角，你或許可以猜想，那會是多麼無聊、恐怖的災難．．．但，事實可能和你所想的完全相反。奎爾（凱文史貝西飾），不只平凡，還很窩囊。他邋遢、不修邊幅、生活乏味、生平無大志，住在紐約灰暗的北郊，是報社裡缺人手時才聘用的三流記者，更慘的是，他娶了一個完全不適合他的老婆，蓓妲（凱特布蘭琪飾）。蓓妲是個愛招搖、好社交的花蝴蝶，剛開始，她以為在奎爾身上找到了自己殘缺的那一面，因而愛上他，甚而結婚生了一個女兒邦妮。但沒過多久，她野性放浪的一面又禁不起誘惑，爆發出來。悲哀的奎爾依然蠢蠢地迷戀著他不該愛的蓓妲，縱容她天天在外尋歡作樂，直到她帶男人回家．．．蓓妲在一場車禍中意外地死了，就在她帶著女兒離家出走後不久。奎爾救出了險落狼爪的女兒邦妮，在哀慟與孤寂中努力想回到原本平靜的生活。葬禮上，他見到了從未謀面的姑姑艾格妮絲（茱蒂丹契飾），這個滿面風霜又堅強幹練的老太太，她說服早已心死的奎爾，帶著女兒和她一起回祖先的家鄉：殺舔爪漁村，重新尋回生命中遺失的那一塊拼圖。殺舔爪，一個冰雪靄靄的化外之地，住著一群在困境中求生存的怪異鄉下人。奎爾一家人就住在面對海洋的岬角上，一棟破爛得幾乎擋不住冰雪狂風的小木屋，那是祖先留下的遺產；他在一家名叫「社交鳥」GammyBird的當地小報社裡，找到一個採訪撰寫「漁業新聞」的工作，與當地的居民有了互動；此外，他還意外地與一個獨自扶養智障兒子的神秘少婦薇蜜（茱莉安摩爾飾）發生戀情．．．對他來說，這是個處處存在著奇特難解謎團的地方。而在為報社寫文章的同時，奎爾開始一點一點深入這個小漁村的內在世界，無形中，也探掘出自己塵封冰凍已久的心靈。在紐芬蘭，這個處處是美景，也處處都是困境的海角天堂，奎爾看見一個新世界，不堪回首的往日在這裡漸漸熔化，消散在他嶄新開闊的生命之中。
間接傷害,動作,2002-03-02,為了殺害中南美洲軍事顧問團與美國情報局官員，來自中南美洲的恐怖份子不惜在洛杉磯市中心發動恐怖爆破行動。這次爆破行動威力強大，炸燬了洛杉磯市中心的一棟建築，這個行動不僅釀成了相關政府人員的嚴重傷亡，同時也造成許多無辜的市民死傷，其中消防隊員布洛的妻子與年幼的稚子也在這場爆炸中意外身亡。與家人約在這棟大樓見面的布洛，因為遲到而目睹整個令人驚心動魄的爆炸過程，面對自己的家人身陷火海卻無力挽救，布洛身心備受折磨，卻還要被迫接受妻兒的死是「間接傷害」的官方說法，面對政府懲治匪徒的無力，這段血海深仇可能將永遠無法得報，布洛心中燃起了滿腔的怒火。透過美國情報局，布洛終於知道這一起爆炸案是由一名哥國反政府軍領袖「野狼」所主導策劃，「野狼」生性殘忍、惡名昭彰，領導叛軍與政府軍作長達十多年的內戰，就連哥國政府也拿他沒有辦法，更何況是沒有引渡條約的美國政府。經過幾個星期的奔走之後，布洛發現美國社會已經開始忘記了這個恐怖事件，政府單位更是準備將這段奪去布洛一切的歷史淡化處理。親仇不報，布洛心中的憤恨難消，儘管聯邦調查局與中情局都警告布洛不許輕舉妄動，但是布洛仍決定親手將嫌犯捉捕到案。獨自踏上哥倫比亞的布洛，他才發現情況的艱難與險惡遠遠超出他的想像，在這個陌生國度裡，他連基本的溝通都成問題，卻必須一個人面對大群武裝叛軍的追殺與全然不熟悉的陌生環境，然而一心只想復仇的布洛已經顧不了這麼許多，荷槍實彈的敵人也已經佈下天羅地網要捕捉他，身陷重重危機的布洛，要如何在陌生的環境裡躲過眾多叛軍的追擊，緝拿兇手為自己的親人報仇？唯一能夠確定的是：已經一無所有的他，這次是完全豁出去了。
美麗境界,劇情,2002-03-09,約翰奈許於１９４７年進入普林斯頓大學數學系研究所就讀，對普林斯頓大學來說，這名絕頂聰明但是個性偏激的傑出青年卻成為一名問題學生。他不但和同學無法相處，而且還時常曠課，他心中只有一個念頭：發明出一個原創理論。他深信這是成功的唯一方法。雖然他的同儕都希望看到他失敗，但是卻在無意間激發出他的鬥志，有一天他們在酒吧閒聊，看到一名身材火辣的金髮美女，於是慫恿奈許去追她，但是這卻激發了他的靈感，促使他發現一個突破性的理論，後來他所寫的論文推翻了現代經濟學之父亞當史密斯一百五十年來牢不可破的經濟理論，從此改變了他的一生。奈許以這篇論文得到在麻省理工學院的研究計畫和教職，當時世界正值冷戰時期，而他也希望能對美國有所貢獻，這時突然出現一名情治人員威廉帕奇，請他參與一項機密的解碼任務。他抓住機會全力投入這項任務，同時也在校內認識一位美麗的女學生愛莉莎賴德，這位傑出的研究生讓奈許接觸到一個他從來沒認真考慮過的概念，那就是愛情。他們的感情進展神速，很快就決定結婚，但是奈許的機密任務也變得越來越危險，他完全沉迷在一個妄想的世界，他異常的行為舉止終於被診斷為妄想性的精神分裂症。從這時開始他就開始了和精神病的長期抗爭，而他的妻子愛莉莎雖然飽受她丈夫異常行為的折磨，但是卻仍然守在他身邊，以她的愛包容他的瘋狂行徑，經過多年的奮鬥後，雖然他仍有不正常的幻覺，但是奈許卻能接受自己的精神異常，重返普林斯頓大學教書，並且於１９９４年獲得諾貝爾獎，而他的理論則成為二十世紀最有影響力的理論之一，証明了他不只是擁有一個絕頂聰明的腦袋，同時還擁有一個美麗的心靈。
黑鷹計畫,戰爭,2002-02-23,"本片是根據真實的戰爭改編而成的，還原1993年索馬利亞戰事，此事是柯林頓在美國總統任期外交史上最挫敗的一次，是繼越戰之後最慘重的火拼。1993年，一組受過專業訓練近百人的美軍突擊隊，在非洲執行一項人道救援任務時，因誤判情報，兩架黑鷹直昇機被敵軍擊落迫降至索馬利亞，秘密任務衍生成戰爭事件。數量不到百人的美軍突擊隊必須對抗5,000名以上索馬利亞暴民的猛烈攻擊，在雙方人數和火力相差50倍的緊張情勢下，兩方展開一場無可避免的戰役。雙方激戰十五小時，堆積如山的彈殼灑落在索馬利亞首都摩加迪休的戰場上，當時戰況相當慘烈。美軍增員前往救援，並堅持「無論生死，所有弟兄都要回來，決不放棄任何一個同袍」。"
強殖入侵,動作,2002-02-22,西元2079年，地球陷入星際戰役已達十年，軍事科學家史班塞致力研究外星武器，抵禦異形惡霸，眼看成果呼之欲出，卻天外飛來一宗誣告，指控他是外星間諜！於是，飽受愛戴的人類救星，情勢大逆轉淪為全民公敵，他該如何洗刷冤屈，及時搶救地球？從虛擬想像到實境操練，變幻莫測的複製人未來，到底誰是本尊誰是分身？【強殖入侵】改編自科幻小說家－菲利浦狄克PhilipK.Dick寫於1952年的同名短篇小說。狄克生在半世紀之前，未來想像視野卻無限寬廣，【銀翼殺手】、【魔鬼總動員】都出自他的創意，史蒂芬史匹柏新作、湯姆克魯斯主演的【一線生機】亦出自他手。他用轉折吊詭的文字織就科技未來，主題不外乎為身分認同、自我定位、以及衍生的偏執妄想。何謂現實的本質？人類何以為人類？科技對人性及身分認同造成什麼影響？生命的意義為何？從現在到未來，狄克作品成為科幻讀者一致崇拜的經典。【導演的話]蓋瑞佛萊德GaryFleder：最令人驚心動魄的控訴，莫過於為自己的莫須有罪名背黑鍋！你該如何證明自己的身分？如何洗刷他人對你的指控？背黑鍋的通緝犯經典電影處處有，而【強殖入侵】更進一步探索未來，暗中作祟的也許非人類，2049年，複製人正流行，史班塞如何以本尊之身、擊垮惡霸橫行的分身？我希望觀眾能體驗和劇中角色相同的疑慮，在人性的基礎上展開一場雲霄飛車式的探索，並尋求自我純真的信念；信與不信，正是電影最值得玩味之處。片中呈現的未來，複製人及記憶操控技術均已成熟，進而衍生更多疑惑：如果人類科技足以改變現實的基本元素，那麼何謂現實？何以界定？
情人眼裡出西施,劇情,2002-02-22,綜觀古今中外，幾乎沒有任何其他事物比得上『美』的真義一樣，長久被傳頌謳歌不已。多少哲人、詩人、科學家和神學家的靈光一現，都是被被各種『美』的表現形式激發；終其一生思考著『美』所醞釀的深刻奧秘。有人從大自然的奇觀找到心目中的『美』，有人則為簡單的一個謎樣笑容神魂顛倒，有人甚至踏遍天涯海角直到世界盡頭，只為了找到心目中最美麗的事物。那對霍爾(傑克布萊克　飾演)來說呢，這個膚淺到極點的傢伙，能讓他稱之為『美』的，只有長得像超級名模的女人。他看女人第一，也是唯一，的評斷標準就是『外表』。但是一次意外催眠，讓霍爾對女人的觀點有了180度的大轉變！在催眠的效果下，他眼中只能看到人們的內在美。這時，出現了蘿絲瑪麗（葛妮絲派特羅飾演），一名體重超過100多公斤的年輕胖妹；蘿絲瑪麗的善良和幽默風趣，映入被催眠的霍爾眼中，讓她變成一名絕世美女。於是，一段浪漫又刻骨銘心的戀情就此展開，旁人都不解向來以貌取人的霍爾，為什麼會瘋狂愛上這樣一名女子，難道正因為她恰巧是他頂頭上上上司的女兒嗎？當咒語解除的那一刻，霍爾能夠繼續愛著眼前判若兩人的『真實』蘿絲瑪麗嗎...
瞞天過海,動作,2002-02-09,華燈初上的賭城拉斯維加斯，即將舉行人類史上最高金額一億五千萬美元的拳擊賽事，全場數以萬計熱情觀眾沸騰的情緒交雜著聲嘶力竭的喊叫聲，頓時把場內的氣氛炒到最高點，擂台上兩位重量級拳擊手，正仔細地打量著對手，準備在即將展開的這場賽事中，一舉擊倒對手，奪取世界拳王寶座與最高額的獎金。想要奪取這筆巨額獎金的並不只台上的兩個人，至少還有另外一批人也正虎視眈眈地打著這一億五千萬美元的主意，他們是一群以丹尼歐遜(喬治克隆尼飾)、王牌拉斯堤(布萊德彼特飾)、扒手天王與爆破專家等十一位好手共同組成的菁英份子，個個身懷絕技，他們計劃以瞞天過海的方式，躲避賭場內數以百計的監視攝影機，穿越過無數的紅外線偵測器，再神不知鬼不覺地閃過一批全副武裝的安全人員後，炸開數噸重的保險金庫大門，那一億五千萬美元的酬勞就如同探囊取物一般容易。只不過瞭解內幕的人知道他們除了要應付層層的保全系統外，還要面對賭城最冷血、最具勢力的黑道老大泰瑞班迪克(安迪賈西亞飾)，無不認為他們是在與虎謀皮，自掘墳墓。沒錯，丹尼歐遜就是這樣一個向極限挑戰的狠角色，他在出獄的二十四小時內就積極物色適合這項任務的人選，他相信有了這群身手矯健的好手，儘管一億五千萬美元是深埋在地下，擁有層層的保護，對他們來說仍舊是就如同探囊取物一般，然而卻在此時拉斯堤意外地發現丹尼的前妻泰絲(茱莉亞蘿勃茲飾)正與黑道大哥泰瑞打得火熱，這是巧合？是天意？是丹尼報復的動機？抑或是這次計劃的一部份？他們可能成功地奪取一億五千萬美元、安然而退抱得美人歸嗎？
穿越時空愛上你,奇幻,2002-02-08,這是一個穿越時空阻隔的浪漫愛情喜劇，兩個陌生人都生活在紐約市，可是他們卻兩隔了一百年，當命運讓他們相遇之後，雖然不同世紀的價值觀讓他們有許多衝突，可是當真愛發生時，卻是沒有任何事情是可以阻擋的……凱特是一個現代女性的典範，她是一個公司的高階主管，可以輕鬆自在地在男性世界中爭取自己的一片天。而李奧則是艾班尼公爵，在19世紀末的紐約他是最有價值的單身漢。由於成功的事業和社會對他們的期許，他們兩個人對於愛情卻非常的挑剔和嚴苛。凱特的前任男友發現了時光隧道，他闖進了19世紀的紐約並和他的曾曾曾祖父李奧相遇，他們兩人暢遊19世紀的紐約市。可是因為一次離奇的意外，他們也一起回到了21世紀的紐約市，並闖入了凱特的世界中，這對生活在不同世紀卻擦出愛情火花的金童玉女，是否能夠克服不同的愛情觀下的層層阻礙呢？
極速追殺令,動作,2002-02-09,亞伯是個強悍的警察，他嫉惡如仇，有時衝動起來常二話不說就動手開打。上司很不欣賞亞伯魯莽的作風。其實，面惡心善的他有段不為人知的傷心往事，19年前當亞伯祕密前往日本執行任務時，他遇見了日本女孩惠子，並娶她為妻，孰料深愛的惠子旋即神祕失蹤。20年來亞伯朝思暮想，從未對惠子忘情，即便是絕色美女向他示好，亞伯仍無動於衷。某天，電話突然響起，一通來自日本的電話告知惠子因癌症過世的死訊，亞伯成為唯一的遺產授與人。於是他動身前往東京，20年後再次造訪日本，沒想到驚奇不斷、狀況頻傳：先是亞伯當年的糊塗夥伴—桃太郎，居然還在日本為法國情報局工作，亞伯也就順理成章跟著桃太郎體驗日本；其次，他發現惠子並非死於癌症，而是被暗殺；更離譜的是，自己居然有個20歲的女兒。這個怪怪女孩由美--情緒化、趕時髦、行徑怪異、愛美又敗家，不過她的銀行戶頭裡居然有2千萬美金的鉅款。由於黑道想吞掉由美的錢，所以哈伯得盡力保護她的安全，此時桃太郎也無端捲入是非之中，亞伯只好用自己的方式來懲奸除惡。
勿忘我,劇情,2002-02-16,【勿忘我】改編自史蒂芬金的小說(HEARTSINATLANTIS)，敘述一個男孩和神秘、陌生老人之間的友誼，從此改變了小男孩的世界觀。對中年攝影師巴比葛菲（大衛摩斯飾）而言，兒時玩伴之死，將他喚回了童年成長的小鎮及其十一歲的夏日回憶。那一年夏天，他有兩位好友凱若（蜜卡布倫飾）與薩利（威爾羅斯哈飾），還有一位不知從哪裡來的陌生老人泰德布洛堤根(安東尼霍普金斯飾)成為他們家的新房客。一直以來，巴比對於過世多年的父親印象一直停留在母親自私的抹黑形容中，一直到泰德的出現，給了他成人的關懷與超越年齡的深刻友誼，漸漸地，泰德在不知不覺中取代了父親的地位，讓巴比看見了更開闊的世界。只不過泰德的行動太過詭異，他無法解釋的特異能力也讓巴比感到困惑不已。泰德請巴比替他注意小鎮中任何異樣的訊息，這是他逃到這個偏僻小鎮的目的，他正在躲避一群危險人物的追捕。透過泰德特殊能力的幫助，巴比重新認識了亡父，親身體驗了父親的愛與從未讓母親知道的事蹟。可是時間已經無多了，負責追捕泰德的人已經發覺泰德的蹤跡，追到了這個小鎮，巴比要如何幫助泰德逃離險境？多年之後，當巴比又踏上這個在他記憶中已經漸漸褪色的小鎮，這個小鎮有太多讓他熟悉卻又陌生的影子，曾經是充滿歡笑與足跡的地方，現在卻是人去樓空，好朋友一個個離開人世，泰德自從上次分開後，從此音訊全無。就在他為歲月的流逝感到一絲絲傷心的時候，一個偶然的邂逅，讓他這一次回溯童年的時光旅程終於臻致完美。
終極土匪,動作,2002-01-25,喬布萊克（布魯斯威利飾演）和泰瑞柯尼斯（比利鮑柏松頓飾演），是銀行搶匪，逃獄亡命天涯的他倆，想要大幹一票之後，洗手不幹，退出江湖，好好退休頤養天年。風度翩翩又瀟灑迷人的喬和他那個患有憂鬱症兼妄想症的搭檔泰瑞，就這麼樣成為人稱『隔夜搶匪』的風格大盜。這兩個搶匪一夜間風靡了全國，從奧瑞岡到加州，所到之處無不所向批靡，俐落地完成任務，留下的是當地被嚇呆了的銀行家、罪有應得的壞蛋權貴，以及一群拍手叫好並為之傾倒的小老百姓。喬和泰瑞用的是這一招：先鎖定目標，接著登門『拜訪』負責這家銀行的銀行家，和被當成人質一樣的銀行家全家共度一夜之後，『押』著銀行家在同仁上班之前，大開金庫；不必破門而入，不必擔心臨時殺出什麼程咬金壞了事。等到警察想追緝，他們早就到手接著揚長而去。這種搶銀行方式還真有『創意』，不是嗎？可惜好事多磨，喬和泰瑞天衣無縫的如意算盤才打了沒多久，就發生了一件事，讓整個情況全然改觀。泰瑞有天駕車不小心撞上了凱特（凱特白蘭琪飾演），一名平凡卻有神經衰弱傾向的家庭主婦，對自己生活甚覺無趣的凱特，決意跟著喬和泰瑞。早晚耳濡目染之下，凱特也學會了偷東西，她成功偷走的-是喬和泰瑞的心！這兩名大漢都愛上了凱特，凱特也對兩人同時傾心無法抉擇；喬和泰瑞或許不是每個女孩夢中騎白馬前來的理想王子典型，但當個性迥異的他們互補時，卻搖身變為世界上最完美的男人！
魔戒首部曲,動作,2002-01-18,本片是英國鬼才導演彼得傑克森結合最新電影特效的魔幻新作，根據托爾金暢銷全球的經典小說「魔戒三部曲」改編，並以三部曲的方式拍攝，【首部曲─魔戒現身】描述史前世界中，一位名叫佛羅多巴金的年輕人，無意中得到了一只魔戒。這只戒指擁有無窮的神秘力量，戒指原來是黑暗君王索倫所有的，卻意外地到了佛羅多手裏。佛羅多決定將戒指摧毀，以免索倫奪回去鞏固自己的勢力。索倫為了阻止佛羅多，於是派出了手下的怪獸加以追殺，一場正邪大戰眼看著一觸即發…本片背景是在神秘的史前時代，由一場正邪戰役所引發的長篇故事，這個拯救人類的危險任務落在年輕的哈比族人─佛羅多巴金身上，他從表哥巴伯那裏得到了一指無邪的魔幻戒指。佛羅多發現這只戒指的製造者是黑暗魔君索倫，而索倫正急著要把戒指找回去。因為這只戒指是代表偉大邪惡勢力的魔戒，將使索倫統治下的人民得到解放，而他統治的這片土地就是俗稱的中土世界（MiddleEarth）。匆忙之下，佛羅多結合了一些救援力量包括了術士、小精靈、侏儒及人類，一起協助他前往中土世界，將戒指丟入魔宮之洞的末日山脈中加以摧毀。然而，這群義勇之士卻遭到索倫手下怪獸群的攻擊，這些恐怖邪惡的獵殺軍隊殘忍地追殺佛羅多和他的朋友。佛羅多等一群人還必須對抗戒指中的邪惡力量，這股力量會讓人產生難以抵擋的欲望，考驗著每一個接觸戒指者的意志力。
